{"cameraMode":{"drawMode":0,"name":"Shaded","section":"Shading Mode"},"sceneLighting":true,"audioPlay":false,"sceneViewState":{"showFog":false,"showMaterialUpdate":false,"showSkybox":false,"showFlares":false,"showImageEffects":false,"showParticleSystems":false},"in2DMode":false,"pivot":{"x":20.105052947998048,"y":-1.1533746719360352,"z":27.020626068115236},"rotation":{"x":-0.36594077944755556,"y":-0.18601909279823304,"z":0.07490507513284683,"w":-0.9087759256362915},"size":20.648326873779298,"orthographic":false}