{"cameraMode":{"drawMode":0,"name":"Shaded","section":"Shading Mode"},"sceneLighting":true,"audioPlay":false,"sceneViewState":{"showFog":false,"showMaterialUpdate":false,"showSkybox":false,"showFlares":false,"showImageEffects":false,"showParticleSystems":false},"in2DMode":false,"pivot":{"x":14.750293731689454,"y":-0.364546537399292,"z":20.61100196838379},"rotation":{"x":-0.24639032781124116,"y":-0.01860162615776062,"z":0.004729015752673149,"w":-0.9689846634864807},"size":45.23025131225586,"orthographic":false}