{"cameraMode":{"drawMode":0,"name":"Shaded","section":"Shading Mode"},"sceneLighting":false,"audioPlay":false,"sceneViewState":{"showFog":false,"showMaterialUpdate":false,"showSkybox":false,"showFlares":false,"showImageEffects":false,"showParticleSystems":false},"in2DMode":false,"pivot":{"x":-1.6655664443969727,"y":2.250443935394287,"z":-0.04950428009033203},"rotation":{"x":0.10569394379854202,"y":-0.8021369576454163,"z":0.14913484454154969,"w":0.568480908870697},"size":11.872798919677735,"orthographic":false}