{"cameraMode":{"drawMode":0,"name":"Shaded","section":"Shading Mode"},"sceneLighting":false,"audioPlay":false,"sceneViewState":{"showFog":false,"showMaterialUpdate":false,"showSkybox":false,"showFlares":false,"showImageEffects":false,"showParticleSystems":false},"in2DMode":false,"pivot":{"x":4.880000114440918,"y":1.4099998474121094,"z":16.559999465942384},"rotation":{"x":0.06732618808746338,"y":0.8962063193321228,"z":-0.1459149867296219,"w":0.413512259721756},"size":8.802281379699707,"orthographic":false}