{"cameraMode":{"drawMode":0,"name":"Shaded","section":"Shading Mode"},"sceneLighting":false,"audioPlay":false,"sceneViewState":{"showFog":false,"showMaterialUpdate":false,"showSkybox":false,"showFlares":false,"showImageEffects":false,"showParticleSystems":false},"in2DMode":false,"pivot":{"x":-8.868550300598145,"y":-3.1425728797912599,"z":0.7258365154266357},"rotation":{"x":0.17825089395046235,"y":-0.6564649343490601,"z":0.16378116607666017,"w":0.7144663333892822},"size":12.786079406738282,"orthographic":false}