{"cameraMode":{"drawMode":0,"name":"Shaded","section":"Shading Mode"},"sceneLighting":false,"audioPlay":false,"sceneViewState":{"showFog":false,"showMaterialUpdate":false,"showSkybox":false,"showFlares":false,"showImageEffects":false,"showParticleSystems":false},"in2DMode":false,"pivot":{"x":69.03077697753906,"y":0.44637587666511538,"z":76.44017791748047},"rotation":{"x":0.06157466024160385,"y":-0.9356384873390198,"z":0.28022539615631106,"w":0.20559121668338777},"size":5.166874408721924,"orthographic":false}