{"cameraMode":{"drawMode":0,"name":"Shaded","section":"Shading Mode"},"sceneLighting":true,"audioPlay":false,"sceneViewState":{"showFog":false,"showMaterialUpdate":false,"showSkybox":false,"showFlares":false,"showImageEffects":false,"showParticleSystems":false},"in2DMode":false,"pivot":{"x":-0.05000019073486328,"y":8.05000114440918,"z":-0.039999961853027347},"rotation":{"x":0.2093483805656433,"y":0.32071423530578616,"z":-0.07329928874969483,"w":0.9208385348320007},"size":57.67642593383789,"orthographic":false}