{"cameraMode":{"drawMode":0,"name":"Shaded","section":"Shading Mode"},"sceneLighting":true,"audioPlay":false,"sceneViewState":{"showFog":false,"showMaterialUpdate":false,"showSkybox":false,"showFlares":false,"showImageEffects":false,"showParticleSystems":false},"in2DMode":false,"pivot":{"x":11.179999351501465,"y":3.40000057220459,"z":26.469999313354493},"rotation":{"x":0.17211849987506867,"y":0.3937629461288452,"z":-0.07532015442848206,"w":0.8998100757598877},"size":17.62529182434082,"orthographic":false}