{"cameraMode":{"drawMode":0,"name":"Shaded","section":"Shading Mode"},"sceneLighting":false,"audioPlay":false,"sceneViewState":{"showFog":false,"showMaterialUpdate":false,"showSkybox":false,"showFlares":false,"showImageEffects":false,"showParticleSystems":false},"in2DMode":false,"pivot":{"x":-1.0424985885620118,"y":1.1155166625976563,"z":-1.448577880859375},"rotation":{"x":0.3087419271469116,"y":0.05417695268988609,"z":-0.01761743798851967,"w":0.9494383335113525},"size":9.47852897644043,"orthographic":false}