{"cameraMode":{"drawMode":0,"name":"Shaded","section":"Shading Mode"},"sceneLighting":false,"audioPlay":false,"sceneViewState":{"showFog":false,"showMaterialUpdate":false,"showSkybox":false,"showFlares":false,"showImageEffects":false,"showParticleSystems":false},"in2DMode":false,"pivot":{"x":13.287736892700196,"y":4.709267616271973,"z":15.570625305175782},"rotation":{"x":0.339596152305603,"y":-0.33719807863235476,"z":0.1319122612476349,"w":0.8680860996246338},"size":15.44605827331543,"orthographic":false}