{"cameraMode":{"drawMode":0,"name":"Shaded","section":"Shading Mode"},"sceneLighting":true,"audioPlay":false,"sceneViewState":{"showFog":false,"showMaterialUpdate":false,"showSkybox":false,"showFlares":false,"showImageEffects":false,"showParticleSystems":false},"in2DMode":false,"pivot":{"x":43.7645263671875,"y":3.175731658935547,"z":15.248760223388672},"rotation":{"x":-0.4695923328399658,"y":-0.06978505104780197,"z":0.03726541996002197,"w":-0.8793363571166992},"size":30.33576202392578,"orthographic":false}