{"cameraMode":{"drawMode":0,"name":"Shaded","section":"Shading Mode"},"sceneLighting":false,"audioPlay":false,"sceneViewState":{"showFog":false,"showMaterialUpdate":false,"showSkybox":false,"showFlares":false,"showImageEffects":false,"showParticleSystems":false},"in2DMode":false,"pivot":{"x":-1.348580241203308,"y":1.2915672063827515,"z":-1.8314285278320313},"rotation":{"x":0.014729867689311505,"y":-0.9850621819496155,"z":0.1106892079114914,"w":0.13108615577220918},"size":5.607873916625977,"orthographic":false}