{"cameraMode":{"drawMode":0,"name":"Shaded","section":"Shading Mode"},"sceneLighting":false,"audioPlay":false,"sceneViewState":{"showFog":false,"showMaterialUpdate":false,"showSkybox":false,"showFlares":false,"showImageEffects":false,"showParticleSystems":false},"in2DMode":false,"pivot":{"x":5.110587120056152,"y":1.7062448263168336,"z":9.737388610839844},"rotation":{"x":0.1665002703666687,"y":0.03696718439459801,"z":-0.006246761418879032,"w":0.9853286147117615},"size":6.2463765144348148,"orthographic":false}